Year,Host,Supplied talk (short title),Audit result,Notes,Source
2027,Washington TEAL,Premodern Korean Studies in the Age of AI,Not located,No matching public graphic located; scheduled event.,
2026,Georgetown,By Virtue of Craft,Listing checked; no graphic attached,Listed for 2026-10-29 as H.H. Kang. Full HTML checked.,https://history.georgetown.edu/gigh/asiaindepth/
2026,Hong Kong,Ingenious,Poster included,Advertised as Engineers of the Confucian State.,https://web.smlc.hku.hk/post/apr-28-engineers-of-the-confucian-state-the-making-of-early-modern-korea
2026,Berkeley,Engineers of the Confucian State,Not located,No matching public graphic located.,
2026,George Washington,Ingeniators,Banner and program PDF included,Advertised as Engineers of the Confucian State; 17 April per flyer.,https://gwiks.elliott.gwu.edu/2025-2026-event-archive/
2025,Kansas symposium,Reworking Chosŏn,Symposium banner included,Program calls the talk Digital Chosŏn.,https://calendar.ku.edu/event/digital-age-symposium
2025,Kansas graduate seminar,"Precious Metals, Saltpeter, and the Little Ice Age",Not located,No matching public graphic located.,
2025,Harvard,The Wicked Factory?,Poster included,Full original poster retrieved.,https://korea.fas.harvard.edu/event/wicked-factory-artisans-ethics-and-reform-sixteenth-century-chos%C5%8Fn
2024,AATK,Engineering and the Confucian State,Poster included,Advertised as The Artisanal Heart: Engineering and Statecraft in Early Modern Korea.,https://aatk.org/9102-2/
2023,Brown,Artisanal Heart,Not located,Name/title searches; 2023 newsletter checked visually and by text.,https://eas.brown.edu/sites/default/files/documents/EAS-Newsletter-2023.pdf
2023,Stanford,Artisanal Heart,Listing image checked; not a flyer,Historical train illustration; no separate poster attachment found.,https://ceas.stanford.edu/events/artisanal-heart-vernacular-engineers-early-modern-korea
2022,Cornell,Reading Artisanal Knowledge,Listing image checked; not a flyer,Speaker headshot; no separate poster attachment found.,https://events.cornell.edu/event/cornell_classical_chinese_colloquium_with_hyeok_hweon_kang
2022,Sungkyunkwan,Early Modern Science / Niter Knowledge,Not located,No matching public graphic located.,
2022,Minnesota,The Artisanal Heart,Archive entry checked; no attached flyer,1 April 2022; relevant HTML section contains text only.,https://cse.umn.edu/hstm/previous-hstm-colloquium
2022,Barcelona,Artisan Squad,PDF flyer included,Title variant and apparent printed year typo documented.,https://aftermath.uab.cat/webinar-talk-technology-innovation-and-the-early-modern-craftscape-in-post-imjin-korea/
2021,Seoul National University,Prototyping Niter,Not located,No matching public graphic located.,
2021,Harvard undergraduate class,The East Asian War,Not located,No matching public graphic located.,
2021,American Society of Arms Collectors,Reverse-Engineering the Gun,Not located,Related article found; not a promotional flyer.,
2021,Seoul National University,Boiling Saltpeter,Not located,No matching public graphic located.,
2015,MIT MISTI,Technologies in Korean History,Not located,No matching public graphic located.,
