Year,Talk (short title),Host,Result,Source or lead,Audit notes
2026,Empty Blue: Medicine and Azurite Minescape in Eighteenth-Century Korea,ESHS/HSS Edinburgh,Not located; access limitation,https://hssonline.org/page/Edinburgh26,Official event located; live page returned 403. No verified talk-specific flyer downloaded.
2025,Veneers of Circulation: Knowledge of Saltpeter,Korean Society of History of Science / SNU,Not located; access limitation,https://khss.or.kr/,Title/name and Korean society workshop searches; society website returned 403.
2025,My Humble Explanation of Things: A Korean Physician’s Collecting,HSS New Orleans,Program downloaded,https://cdn.ymaws.com/hssonline.org/resource/resmgr/annual_meeting/2025_new_orleans/2025_prelim_program.pdf,PDF p.106; My Humble Explanation of Things paper; explicitly a preliminary program.
2023,Military Technology as Literacy,UAB Barcelona,Program and cover image downloaded,https://aftermath.uab.cat/conference-resources-and-technology-in-post-imjin-war-east-asia-1598-1650/,"PDF pp.3 and 12. Published title: Military Technology as Literacy: The Codification of Technical Knowledge in Korean Military Workshops, 1592–1635."
2023,"The Codification of Technical Knowledge in Korean Military Workshops, 1592–1635",16th ICHSEA Frankfurt,Flyer not located,,Conference/host searches located reports of the meeting; no verified flyer recovered.
2023,Silloker: Towards a Digital Infrastructure for Korean Historical Chronicles,Tools of the Trade / Harvard,Online program located; flyer not located,https://fccs-dci.github.io/tott-projects/day_one/,Published title: Korean Chronicles under a Macroscope: Towards a Digital Infrastructure in Premodern Korean Studies. Harvard conference homepage/about returned 410. Korea Institute listing inspected: no flyer image or attachment.
2022,Vernaculars of Making: Artisanal Literacy through Image and Script,HSS Chicago,Program downloaded,https://cdn.ymaws.com/hssonline.org/resource/resmgr/annual_meeting/2022_program/hss-program-2022.pdf,PDF p.9: Epistemic Vernaculars of Early Modern Korea: Skill and Script in the Military Workshops; session 005 Vernacular Sciences in Asia.
2022,From Envoys to Army Shops,AAS Honolulu,Flyer not located,,Title/name/event searches did not recover a verified promotional asset.
2022,Silloker: Towards a Digital Turn in Premodern Korean Studies,University of Copenhagen,Related event located; flyer not recovered,https://bigdatastudies.net/2022/04/advanced-topics-in-digital-korean-studies/,"Organizer identifies June 26–28 publication workshop, within two-part Advanced Topics event. GitHub announcement has earlier June dates. SNU announcement contains May-event poster image links, but original image URL returns 404. BDSL header is explicitly stock artwork, excluded."
2022,"Making for the Home: Poisons, Taboo, and Women’s Knowledge",MLA Washington,Flyer not located,,Title/name/event searches did not recover a verified promotional asset.
2022,"Cooking Niter, Prototyping Nature","CHSTM Craft, Technology, and Material Culture in Early Modern Asia",Flyer not located,https://www.chstm.org/content/craft-technology-and-material-culture-early-modern-asia,Working-group page inspected; no matching Kang flyer found. Generic artwork excluded.
2021,My Humble Explanation of Things (Somun sasol): A Source Reading,Harvard New Frontiers,Workshop flyer downloaded,https://gpks.hsites.harvard.edu/event/4th-new-frontiers-premodern-korea-studies-online,Workshop flyer naming Kang as source-reading leader; the specific Somun sasol title is not printed.
2021,The Politics of Technology Choice: The Gun Debate in Choson Korea,UAB Multifarious Reception of the Harquebus,Flyer not located,https://doi.org/10.1017/S1479591426100886,"Workshop confirmed in resulting publication; September 23–24, 2021. UAB posts/media searches did not recover this flyer."
2021,With an Artisanal Heart? Pneumatics and Natural Philosophy,HSS online,Not located; access limitation,https://hssonline.org/page/HSS2021,Official meeting page located in search; live retrieval returned 403.
2021,Out of Thick Air: Western Pneumatics in Nineteenth Century Korea,Iowa KoRN,Conference promotional image downloaded,https://international.uiowa.edu/event/15971/0,General conference promotional image; event page names Kang. No individual paper title printed.
2021,"Collaborating Hands: Artisan, Scholar, and New Technological Knowledge",26th ICHST Prague online,Program downloaded,https://web.mit.edu/slava/homepage/images/2021ICHST.pdf,"PDF p.5; July 26, 10:00–10:30: Collaborating hands: artisan, scholar, and the techniques of prototyping in 17th-century Korea. Conference webpage printout preserved on MIT faculty site."
2020,"Cooking Niter in Korea: Espionage, Experiment and Vernacular Science",CHSTM Early Modern Science,Flyer not located,,Title/name/event searches did not recover a verified promotional asset.
2019,A Wheellock Landmine,SHOT Milan,Program downloaded,https://www.historyoftechnology.org/wp-content/uploads/2019/10/Session-schedule-21-Oct-2019.pdf,PDF p.36; Wheellock Landmine paper.
2019,"The Workshop: Knowledge, Technology and the Military in Choson Korea",D. Kim Foundation Seoul,Listing located; images not fully auditable,https://dkimfoundation.org/wp5/workshop/,"Search-indexed schedule June 21–23 names Kang. Live host returned 502/timeouts, preventing full image/attachment inspection."
2019,Matériel Matters: Trade and Diplomacy across the Korea Strait,World Consortium of Korean Studies / Leiden,Flyer not located,,Searches included 2018 and 2019 because an older CV lists the event in 2018. No confirmed poster found; date unresolved.
2018,Divine Machine? Korea’s Reception of the Gun,SHOT St. Louis,Award record located; flyer not located,https://www.historyoftechnology.org/about-us/awards-prizes-and-grants/joan-cahalin-robinson-prize/,Official Robinson Prize record confirms paper; award page is not a flyer.
2018,Divergence in an Age of Parity,Society for Military History Louisville,Program downloaded,https://www.smh-hq.org/docs/ConferencePrograms/2018SMHProgram.pdf,PDF p.26; title ends “in East Asia and Western Europe”.
2018,Accurizing the Gun: Tactics and Technologies in East Asia,Chinese Military History Society Louisville,Listing/abstracts located; flyer not located,https://cmhsociety.org/index.php/188-2018-annual-conference-of-the-chinese-military-history-society,Page images inspected: society/banner graphics only; no event flyer attachment found.
2017,Gunrunning Diplomacy: Military Trade across the Korea Strait,AAS Toronto,Flyer not located,,Title/name/event searches did not recover a verified promotional asset.
2015,Performing Gunpowder: The Technology of Court Rituals in Choson Korea,Harvard East Asia Society,Flyer not located,,Checked 18th conference and archived HEAS announcements. Posters announced in late 2015 are for the 2016 conference and were excluded.
2013,The Troubadour’s Tournament,AAS San Diego,Flyer not located,,Title/name/event searches did not recover a verified promotional asset.
2013,Performing Military Knowledge in Korean Armies,42nd ICTM Shanghai,Program located but not downloaded,https://ictmusic.org/sites/default/files/documents/world%20conferences/programmes/programme%202013%20ictm%20world%20conference.pdf,Direct program download returned 429. No flyer recovered.
2011,What’s Driving Fusion Haegum?,SEMSEC Vanderbilt / Nashville,Program downloaded,https://myweb.fsu.edu/fgunderson/documents/2011SEMSECProgram.pdf,PDF p.1; title ends with “in Korean Music”.
2011,Managing Historicity and Accessibility: Nanyin of Quanzhou,ACMR / AAS Philadelphia,Flyer not located,,Title/name/event searches did not recover a verified promotional asset.
2022,Minimum Viable Product (MVP) for Digital Humanities,WashU graduate seminar,Flyer not located,,"Title/name searches returned CV evidence, not a promotional asset."
2021,"Crafting Niter, Imitating Nature",Johns Hopkins HSMT Colloquia,Not located; access limitation,https://hopkinshistoryofmedicine.org/,Title/name searches; departmental search and public media endpoint returned challenge pages. No flyer recovered.
2019,Military Artisanship: A Way of Making and Knowing,Harvard Korean Studies working group,Flyer not located,,Title/name searches and Harvard archive lead checked; no matching flyer recovered.
2017,"Korea’s Gunpowder Army: War, Technology, and Transformation",Harvard Traditional Korea class,Flyer not located,,Title/name searches returned no verified promotional asset.
2017,Digital Humanist as Historical Detective,Harvard-Yenching Library,Event listing located; flyer not located,https://korea.fas.harvard.edu/event/digital-humanist-historical-detective-network-analysis-arms-trafficking-between-0,"September 13, 2017. Page title says between Korea and Japan, 1667, differing from supplied 1677. Original page images/links inspected: no event flyer. Older report URL returned 404."
2015,Closing of the Steppes? Russo-Qing Conflicts,Harvard Central Eurasia working group,Flyer not located,,"Title/name searches returned CV evidence, not a promotional asset."
