File,Type,Event_listing,Asset_source,Notes
Posters_and_Promotional_Images/2021-06-11_Harvard_New_Frontiers_Workshop_Poster.jpg,Posters_and_Promotional_Images,https://gpks.hsites.harvard.edu/event/4th-new-frontiers-premodern-korea-studies-online,https://gpks.hsites.harvard.edu/sites/g/files/omnuum3126/files/gpks/files/6.11_workshop_poster1024_1.jpg,Workshop flyer naming Kang as source-reading leader; the specific Somun sasol title is not printed.
Posters_and_Promotional_Images/2021-11-05_Iowa_KoRN_Inaugural_Conference_Promo.jpg,Posters_and_Promotional_Images,https://international.uiowa.edu/event/15971/0,https://international.uiowa.edu/sites/international.uiowa.edu/files/externals/1/6/1635e86f6ea1bbd55e1b9d8bc9a54e0b.jpg,General conference promotional image; event page names Kang. No individual paper title printed.
Program_Cover_Image/2023-09-04_Barcelona_Mastery_of_Materialities_PROGRAM_COVER.png,Program_Cover_Image,https://aftermath.uab.cat/conference-resources-and-technology-in-post-imjin-war-east-asia-1598-1650/,https://aftermath.uab.cat/wp-content/uploads/2023/09/MoM-Conference-Program-09.2023.pdf,"Rendered first page of original program, not a separately located flyer. Original PDF included. Program dates September 4–5, 2023; webpage body says 2024, apparently a typo."
Related_Additional_Poster/2025-02-24_Kansas_Korea_in_the_Global_Silver_Age_Poster.jpg,Related_Additional_Poster,https://calendar.ku.edu/event/korea-in-the-global-silver-age-pirates-cannons-and-temple-bells,https://arthistory.ku.edu/sites/arthistory/files/files/Newsletters/HA_Newsletter_2025.pdf,"Additional Kang poster extracted unchanged from PDF page 12. Title: Korea in the Global Silver Age: Pirates, Cannons, and Temple Bells. Outside current list; possible relationship to earlier Kansas entry is not established."
Programs/2011-03-25_SEMSEC_Vanderbilt_Conference_Program.pdf,Conference program,,https://myweb.fsu.edu/fgunderson/documents/2011SEMSECProgram.pdf,PDF p.1; title ends with “in Korean Music”.
Programs/2018_Society_for_Military_History_Conference_Program.pdf,Conference program,,https://www.smh-hq.org/docs/ConferencePrograms/2018SMHProgram.pdf,PDF p.26; title ends “in East Asia and Western Europe”.
Programs/2019_SHOT_Milan_Session_Schedule.pdf,Conference program,,https://www.historyoftechnology.org/wp-content/uploads/2019/10/Session-schedule-21-Oct-2019.pdf,PDF p.36; Wheellock Landmine paper.
Programs/2021_ICHST_Prague_Online_Conference_Program.pdf,Conference program,,https://web.mit.edu/slava/homepage/images/2021ICHST.pdf,"PDF p.5; July 26, 10:00–10:30: Collaborating hands: artisan, scholar, and the techniques of prototyping in 17th-century Korea. Conference webpage printout preserved on MIT faculty site."
Programs/2022_HSS_Chicago_Conference_Program.pdf,Conference program,,https://cdn.ymaws.com/hssonline.org/resource/resmgr/annual_meeting/2022_program/hss-program-2022.pdf,PDF p.9: Epistemic Vernaculars of Early Modern Korea: Skill and Script in the Military Workshops; session 005 Vernacular Sciences in Asia.
Programs/2023-09-04_Barcelona_Mastery_of_Materialities_Program.pdf,Conference program,,https://aftermath.uab.cat/wp-content/uploads/2023/09/MoM-Conference-Program-09.2023.pdf,"PDF pp.3 and 12. Published title: Military Technology as Literacy: The Codification of Technical Knowledge in Korean Military Workshops, 1592–1635."
Programs/2025_HSS_New_Orleans_PRELIMINARY_Program.pdf,Conference program,,https://cdn.ymaws.com/hssonline.org/resource/resmgr/annual_meeting/2025_new_orleans/2025_prelim_program.pdf,PDF p.106; My Humble Explanation of Things paper; explicitly a preliminary program.
